,ratio,Kp,Ti,Td
0,2,0.0319327693696424,300.0,14.687180451721504
