,ratio,Kp,Ti,Td
0,2,0.037509435507080344,300.0,13.509652323621049
